Bradford.Wintheiser@gmail.com,Alivia,Kovacek,"{"Rustic Concrete Chicken","Refined Steel Sausages","Ergonomic Cotton Towels"}",2020-02-12,2020-02-12
Athena_Russel@gmail.com,Darian,Lemke,"{"Awesome Concrete Soap","Practical Soft Cheese","Unbranded Fresh Chair"}",2020-02-12,2020-02-12
Alek_Considine@hotmail.com,Horace,Dicki,"{"Generic Soft Cheese","Refined Steel Tuna","Unbranded Soft Cheese"}",2020-02-12,2020-02-12
Noemie_Wiza@gmail.com,Joesph,Little,"{"Refined Frozen Keyboard","Tasty Concrete Ball","Licensed Soft Car"}",2020-02-12,2020-02-12
Mariana.Koelpin@hotmail.com,Domingo,Kuphal,"{"Handcrafted Soft Shoes","Practical Concrete Towels","Incredible Cotton Keyboard"}",2020-02-12,2020-02-12
Jaycee.Halvorson@yahoo.com,Ramona,Wehner,"{"Sleek Steel Tuna","Intelligent Cotton Pizza","Sleek Rubber Bacon"}",2020-02-12,2020-02-12
Sheila.Koepp48@yahoo.com,Corine,Stanton,"{"Ergonomic Fresh Cheese","Ergonomic Rubber Chair","Fantastic Rubber Soap"}",2020-02-12,2020-02-12
Bryon_McDermott11@yahoo.com,Houston,Heathcote,"{"Practical Plastic Fish","Awesome Steel Hat","Generic Wooden Shirt"}",2020-02-12,2020-02-12
Trent.Graham@gmail.com,Laury,Jast,"{"Practical Wooden Ball","Generic Granite Ball","Intelligent Steel Sausages"}",2020-02-12,2020-02-12
Janis_Barton@yahoo.com,Edgardo,Ritchie,"{"Intelligent Cotton Fish","Gorgeous Soft Computer","Awesome Metal Car"}",2020-02-12,2020-02-12
Bailee.Gleason30@hotmail.com,Corene,Hudson,"{"Handcrafted Cotton Salad","Tasty Fresh Shirt","Handcrafted Steel Car"}",2020-02-12,2020-02-12
Chase_Hane21@hotmail.com,Nikko,Mohr,"{"Small Soft Car","Generic Steel Pants","Handmade Steel Computer"}",2020-02-12,2020-02-12
Angelita.Green@gmail.com,Clement,Sawayn,"{"Intelligent Cotton Cheese","Gorgeous Fresh Pizza","Small Fresh Towels"}",2020-02-12,2020-02-12
Antonia66@yahoo.com,Alvah,Lebsack,"{"Gorgeous Granite Shirt","Sleek Fresh Shirt","Intelligent Plastic Salad"}",2020-02-12,2020-02-12
Adaline39@hotmail.com,Brianne,Farrell,"{"Gorgeous Steel Car","Incredible Frozen Gloves","Licensed Wooden Tuna"}",2020-02-12,2020-02-12
Cindy52@hotmail.com,Neva,Rolfson,"{"Rustic Plastic Computer","Incredible Cotton Fish","Unbranded Rubber Bacon"}",2020-02-12,2020-02-12
Mabelle84@yahoo.com,Deborah,Schaefer,"{"Licensed Rubber Shirt","Incredible Plastic Table","Unbranded Wooden Bike"}",2020-02-12,2020-02-12
Claudie.Schaefer@gmail.com,Doug,Turcotte,"{"Sleek Fresh Towels","Ergonomic Steel Chair","Unbranded Granite Shoes"}",2020-02-12,2020-02-12
Delia_Lueilwitz15@yahoo.com,Spencer,West,"{"Sleek Granite Soap","Refined Wooden Salad","Sleek Concrete Ball"}",2020-02-12,2020-02-12
Kathleen_Osinski@gmail.com,Rex,Moen,"{"Rustic Cotton Keyboard","Gorgeous Cotton Sausages","Generic Steel Ball"}",2020-02-12,2020-02-12
Jakob_Gislason@yahoo.com,Diego,Eichmann,"{"Unbranded Cotton Towels","Small Granite Car","Gorgeous Rubber Hat"}",2020-02-12,2020-02-12
Jacey.Hessel@hotmail.com,Jerad,Altenwerth,"{"Practical Wooden Table","Unbranded Concrete Soap","Refined Wooden Keyboard"}",2020-02-12,2020-02-12
Caitlyn2@hotmail.com,Jarrett,Hermiston,"{"Refined Fresh Shirt","Fantastic Plastic Car","Gorgeous Frozen Mouse"}",2020-02-12,2020-02-12
Rosella.Adams@hotmail.com,Magdalen,Denesik,"{"Handmade Concrete Fish","Handcrafted Granite Chips","Rustic Cotton Pizza"}",2020-02-12,2020-02-12
Daphne82@hotmail.com,Hazel,Yundt,"{"Small Cotton Fish","Gorgeous Soft Cheese","Ergonomic Cotton Cheese"}",2020-02-12,2020-02-12
Delilah.Pacocha@gmail.com,Jenifer,Runolfsdottir,"{"Intelligent Cotton Gloves","Refined Metal Towels","Tasty Fresh Computer"}",2020-02-12,2020-02-12
Ryder_Marvin96@gmail.com,John,Kreiger,"{"Sleek Frozen Hat","Awesome Concrete Towels","Gorgeous Concrete Shoes"}",2020-02-12,2020-02-12
Kailyn_Miller64@yahoo.com,Rebekah,Conn,"{"Licensed Granite Towels","Intelligent Wooden Computer","Intelligent Cotton Shoes"}",2020-02-12,2020-02-12
Ryder.Lehner@hotmail.com,Dina,Morissette,"{"Small Soft Fish","Sleek Wooden Sausages","Intelligent Concrete Table"}",2020-02-12,2020-02-12
Ava_Yost@hotmail.com,Josiah,Feil,"{"Practical Plastic Car","Refined Rubber Shirt","Sleek Metal Shoes"}",2020-02-12,2020-02-12
Javon.VonRueden@yahoo.com,Ciara,Orn,"{"Incredible Granite Shoes","Tasty Wooden Salad","Gorgeous Metal Chicken"}",2020-02-12,2020-02-12
Jamison.Zieme51@hotmail.com,Paige,Koch,"{"Fantastic Soft Sausages","Practical Frozen Computer","Fantastic Plastic Chair"}",2020-02-12,2020-02-12
Marjolaine.Kub@gmail.com,Efren,Skiles,"{"Practical Cotton Pants","Intelligent Cotton Soap","Practical Cotton Bacon"}",2020-02-12,2020-02-12
Leanna_Breitenberg@yahoo.com,Ibrahim,O'Conner,"{"Rustic Metal Gloves","Handcrafted Plastic Ball","Sleek Granite Shoes"}",2020-02-12,2020-02-12
Chadd_Torphy51@gmail.com,Katheryn,Lind,"{"Ergonomic Soft Salad","Intelligent Steel Keyboard","Rustic Concrete Mouse"}",2020-02-12,2020-02-12
Eloy_Upton84@yahoo.com,Lamar,Crist,"{"Intelligent Steel Towels","Small Rubber Tuna","Tasty Steel Mouse"}",2020-02-12,2020-02-12
Afton17@gmail.com,Lyric,Watsica,"{"Ergonomic Rubber Shirt","Tasty Rubber Fish","Tasty Wooden Fish"}",2020-02-12,2020-02-12
Edgardo.Heathcote@hotmail.com,Patrick,Sporer,"{"Intelligent Frozen Gloves","Ergonomic Granite Bike","Intelligent Plastic Computer"}",2020-02-12,2020-02-12
Jules.Senger99@gmail.com,Krystel,Welch,"{"Refined Fresh Pizza","Incredible Rubber Ball","Ergonomic Fresh Sausages"}",2020-02-12,2020-02-12
Francisco.Lebsack@gmail.com,Dwight,Botsford,"{"Handcrafted Rubber Keyboard","Generic Metal Pizza","Intelligent Metal Keyboard"}",2020-02-12,2020-02-12
Eldora.Lemke55@hotmail.com,Raheem,Prosacco,"{"Generic Granite Tuna","Incredible Frozen Shirt","Practical Granite Towels"}",2020-02-12,2020-02-12
Ephraim34@yahoo.com,Janick,Ziemann,"{"Refined Rubber Cheese","Incredible Metal Cheese","Fantastic Soft Car"}",2020-02-12,2020-02-12
Fredy10@yahoo.com,Freda,Kutch,"{"Ergonomic Steel Shoes","Refined Steel Fish","Handcrafted Metal Pizza"}",2020-02-12,2020-02-12
Donnie52@yahoo.com,Elmira,Ernser,"{"Sleek Concrete Towels","Handcrafted Frozen Table","Awesome Soft Shirt"}",2020-02-12,2020-02-12
Jarrett_Cummings5@gmail.com,Abdiel,Rolfson,"{"Refined Frozen Pizza","Sleek Frozen Sausages","Sleek Rubber Ball"}",2020-02-12,2020-02-12
Clifton.Brekke@yahoo.com,Vincent,Kiehn,"{"Handcrafted Steel Table","Unbranded Rubber Bacon","Sleek Fresh Shirt"}",2020-02-12,2020-02-12
Luna14@gmail.com,Catalina,Hegmann,"{"Fantastic Soft Bacon","Intelligent Fresh Shoes","Practical Steel Bike"}",2020-02-12,2020-02-12
Trent_Miller@yahoo.com,Filiberto,Wintheiser,"{"Handcrafted Fresh Computer","Handmade Concrete Hat","Rustic Rubber Hat"}",2020-02-12,2020-02-12
Joseph.Simonis@hotmail.com,Ludwig,Skiles,"{"Rustic Metal Shoes","Handcrafted Fresh Chips","Awesome Soft Soap"}",2020-02-12,2020-02-12
Lambert_Rau89@hotmail.com,Henderson,Torp,"{"Unbranded Cotton Tuna","Ergonomic Wooden Chicken","Incredible Frozen Chips"}",2020-02-12,2020-02-12
Alvah_Hills2@gmail.com,Selina,Runte,"{"Awesome Wooden Computer","Rustic Concrete Bacon","Sleek Steel Chicken"}",2020-02-12,2020-02-12
Reva.Bins@yahoo.com,Barry,Carter,"{"Practical Frozen Cheese","Practical Fresh Towels","Fantastic Concrete Fish"}",2020-02-12,2020-02-12
Moshe_Reichel68@yahoo.com,Jaylon,Feeney,"{"Small Metal Chicken","Awesome Plastic Shirt","Refined Cotton Keyboard"}",2020-02-12,2020-02-12
Aniyah_Bergstrom77@hotmail.com,Arno,Beer,"{"Generic Wooden Chicken","Ergonomic Concrete Chair","Generic Plastic Chair"}",2020-02-12,2020-02-12
Tomasa.Crist@hotmail.com,Vivianne,Reilly,"{"Fantastic Cotton Car","Awesome Steel Cheese","Awesome Metal Chair"}",2020-02-12,2020-02-12
Orland95@hotmail.com,Laron,Pollich,"{"Handmade Soft Mouse","Generic Wooden Sausages","Licensed Frozen Hat"}",2020-02-12,2020-02-12
Nils_Leuschke@yahoo.com,Muriel,Rempel,"{"Practical Rubber Ball","Practical Frozen Shirt","Gorgeous Concrete Chicken"}",2020-02-12,2020-02-12
Raquel.Kutch28@gmail.com,Jack,Sawayn,"{"Small Cotton Gloves","Handmade Fresh Chair","Handcrafted Concrete Mouse"}",2020-02-12,2020-02-12
Lisa_Emard@yahoo.com,Marcelle,Greenholt,"{"Tasty Frozen Salad","Fantastic Concrete Pants","Sleek Fresh Hat"}",2020-02-12,2020-02-12
Antonetta_King@hotmail.com,Torrance,Hegmann,"{"Gorgeous Concrete Fish","Handmade Frozen Pizza","Rustic Fresh Tuna"}",2020-02-12,2020-02-12
Micheal_Kiehn48@hotmail.com,Alan,Goldner,"{"Intelligent Steel Pizza","Incredible Rubber Hat","Generic Frozen Chips"}",2020-02-12,2020-02-12
Shanna.Daniel90@yahoo.com,Jabari,Walker,"{"Refined Concrete Chair","Small Steel Chips","Awesome Soft Cheese"}",2020-02-12,2020-02-12
Eleanore.Lemke31@yahoo.com,Austen,Ledner,"{"Gorgeous Cotton Hat","Small Steel Ball","Sleek Wooden Bike"}",2020-02-12,2020-02-12
Karianne72@gmail.com,Allison,Willms,"{"Fantastic Plastic Sausages","Refined Frozen Chicken","Licensed Concrete Cheese"}",2020-02-12,2020-02-12
Colby67@gmail.com,Meta,Schoen,"{"Sleek Concrete Mouse","Intelligent Steel Towels","Practical Concrete Bike"}",2020-02-12,2020-02-12
Marjorie.Heidenreich@hotmail.com,Zachery,Baumbach,"{"Gorgeous Fresh Pants","Gorgeous Metal Chips","Handcrafted Cotton Chips"}",2020-02-12,2020-02-12
Tracy28@yahoo.com,Alena,Mills,"{"Intelligent Wooden Computer","Gorgeous Fresh Keyboard","Intelligent Steel Chicken"}",2020-02-12,2020-02-12
Ida_Osinski27@gmail.com,Rosalee,Sauer,"{"Gorgeous Granite Tuna","Incredible Steel Tuna","Generic Wooden Mouse"}",2020-02-12,2020-02-12
Nicolas.Schaden@yahoo.com,Ozella,Dooley,"{"Licensed Steel Mouse","Handmade Rubber Table","Generic Frozen Shirt"}",2020-02-12,2020-02-12
Laverna90@yahoo.com,Gonzalo,Bogan,"{"Unbranded Metal Hat","Practical Frozen Gloves","Awesome Metal Pants"}",2020-02-12,2020-02-12
Lulu53@yahoo.com,Parker,Stoltenberg,"{"Tasty Concrete Cheese","Awesome Rubber Soap","Handcrafted Concrete Bike"}",2020-02-12,2020-02-12
Ida_Johnson34@hotmail.com,Alex,Schaefer,"{"Intelligent Cotton Mouse","Licensed Metal Keyboard","Refined Granite Bacon"}",2020-02-12,2020-02-12
Adaline_Douglas91@yahoo.com,Zakary,Orn,"{"Unbranded Metal Table","Licensed Wooden Sausages","Handmade Cotton Chicken"}",2020-02-12,2020-02-12
Gladyce.Sporer@yahoo.com,Eliane,Cremin,"{"Intelligent Soft Ball","Awesome Rubber Bacon","Fantastic Steel Ball"}",2020-02-12,2020-02-12
Tatyana_Halvorson@yahoo.com,Isabell,Hayes,"{"Gorgeous Wooden Car","Refined Wooden Fish","Refined Steel Fish"}",2020-02-12,2020-02-12
Grayson42@yahoo.com,Billie,Corkery,"{"Refined Cotton Bacon","Handmade Frozen Towels","Refined Metal Mouse"}",2020-02-12,2020-02-12
Hector.Fritsch91@yahoo.com,Stanley,Kessler,"{"Incredible Steel Salad","Sleek Concrete Cheese","Licensed Cotton Car"}",2020-02-12,2020-02-12
Stephanie80@hotmail.com,Georgianna,Balistreri,"{"Refined Fresh Pizza","Sleek Soft Gloves","Small Cotton Computer"}",2020-02-12,2020-02-12
Shaina_Jacobi@gmail.com,Layla,Effertz,"{"Awesome Granite Sausages","Intelligent Fresh Shoes","Sleek Rubber Pants"}",2020-02-12,2020-02-12
Jairo.Cassin@hotmail.com,Earl,Schneider,"{"Intelligent Granite Shirt","Generic Metal Cheese","Unbranded Soft Table"}",2020-02-12,2020-02-12
Birdie_Haley@gmail.com,Dwight,Brekke,"{"Practical Frozen Sausages","Incredible Cotton Chips","Fantastic Rubber Bike"}",2020-02-12,2020-02-12
Freida5@hotmail.com,Katelin,Hand,"{"Incredible Granite Pants","Incredible Concrete Car","Incredible Granite Shoes"}",2020-02-12,2020-02-12
Norma_Macejkovic@yahoo.com,Maxwell,Corwin,"{"Unbranded Rubber Chicken","Sleek Wooden Towels","Handcrafted Metal Towels"}",2020-02-12,2020-02-12
Lamar67@hotmail.com,Ethan,Halvorson,"{"Handmade Metal Pizza","Small Soft Ball","Refined Rubber Towels"}",2020-02-12,2020-02-12
Michel_Shanahan36@gmail.com,Jordon,Jaskolski,"{"Fantastic Frozen Soap","Incredible Soft Chips","Generic Steel Bike"}",2020-02-12,2020-02-12
Laila.Skiles81@gmail.com,Lennie,Parisian,"{"Incredible Plastic Shoes","Incredible Metal Tuna","Awesome Soft Ball"}",2020-02-12,2020-02-12
Jayme.Haley33@yahoo.com,Katheryn,Wilderman,"{"Practical Soft Salad","Handmade Granite Fish","Licensed Wooden Towels"}",2020-02-12,2020-02-12
Karlee68@gmail.com,Shirley,Friesen,"{"Awesome Soft Fish","Incredible Granite Bike","Tasty Wooden Table"}",2020-02-12,2020-02-12
Lurline_Orn63@hotmail.com,Caden,Feil,"{"Rustic Cotton Hat","Handcrafted Cotton Keyboard","Intelligent Concrete Chicken"}",2020-02-12,2020-02-12
Jessie_Johns70@yahoo.com,Maia,Douglas,"{"Practical Metal Chips","Intelligent Concrete Fish","Unbranded Frozen Ball"}",2020-02-12,2020-02-12
Terrence_Greenholt69@gmail.com,Virginie,Buckridge,"{"Handcrafted Steel Soap","Fantastic Rubber Tuna","Unbranded Steel Chips"}",2020-02-12,2020-02-12
Kacey.Bode@hotmail.com,Nels,Walsh,"{"Handmade Soft Chicken","Tasty Cotton Car","Intelligent Rubber Salad"}",2020-02-12,2020-02-12
Aron34@yahoo.com,Tina,Daniel,"{"Licensed Frozen Computer","Rustic Granite Pizza","Ergonomic Cotton Gloves"}",2020-02-12,2020-02-12
Angeline.Champlin83@hotmail.com,Omari,Feest,"{"Gorgeous Cotton Soap","Tasty Soft Pants","Licensed Granite Bike"}",2020-02-12,2020-02-12
Maude_Christiansen@hotmail.com,Marilyne,Connelly,"{"Incredible Granite Soap","Ergonomic Frozen Cheese","Handmade Plastic Chicken"}",2020-02-12,2020-02-12
Lane68@gmail.com,Tamara,Gleason,"{"Licensed Frozen Computer","Gorgeous Concrete Chair","Gorgeous Concrete Pizza"}",2020-02-12,2020-02-12
Zackery.McLaughlin@hotmail.com,Velva,Runte,"{"Ergonomic Metal Soap","Generic Rubber Cheese","Fantastic Steel Bacon"}",2020-02-12,2020-02-12
Cleo.Bartoletti1@hotmail.com,Johnny,Feeney,"{"Fantastic Steel Table","Incredible Concrete Mouse","Handcrafted Plastic Soap"}",2020-02-12,2020-02-12
Elton_Von51@hotmail.com,Karley,Kohler,"{"Gorgeous Metal Salad","Gorgeous Plastic Mouse","Intelligent Cotton Salad"}",2020-02-12,2020-02-12
Tod_Kiehn59@hotmail.com,Gaston,Crist,"{"Small Metal Gloves","Intelligent Soft Table","Incredible Granite Chair"}",2020-02-12,2020-02-12
